Algorithm,Resolver,Iteration,Threads,Concurrency,HTTPS,Encryption,Start,Finish,Diff,ReceiveLatency,Size
Uring,throughput,0,4,1,0,0,198403823882,198403957786,133904,661,8388608
Uring,throughput,0,4,1,0,0,198403823468,198403953250,129782,609,8388608
Uring,throughput,0,4,1,0,0,198403823726,198403938733,115007,766,8388608
Uring,throughput,0,4,1,0,0,198403823579,198403936545,112965,652,8388608
Uring,throughput,0,4,1,0,0,198403936561,198404124800,188239,16,8388608
Uring,throughput,0,4,1,0,0,198403938739,198404150096,211356,15,8388608
Uring,throughput,0,4,1,0,0,198403953257,198404171091,217833,20,8388608
Uring,throughput,0,4,1,0,0,198403957793,198404196793,238999,43,8388608
Uring,throughput,0,4,2,0,0,198420218457,198420518306,299848,798,8388608
Uring,throughput,0,4,2,0,0,198420218595,198420243086,24491,971,8388608
Uring,throughput,0,4,2,0,0,198420218722,198420636854,418131,942,8388608
Uring,throughput,0,4,2,0,0,198420218849,198420385520,166671,922,8388608
Uring,throughput,0,4,2,0,0,198420218853,198420377485,158632,443,8388608
Uring,throughput,0,4,2,0,0,198420219037,198420454742,235704,572,8388608
Uring,throughput,0,4,2,0,0,198420219163,198420544899,325736,542,8388608
Uring,throughput,0,4,2,0,0,198420219265,198420475805,256540,552,8388608
Uring,throughput,0,4,2,0,0,198420243099,198420663749,420649,17,8388608
Uring,throughput,0,4,2,0,0,198420377490,198420764776,387286,17,8388608
Uring,throughput,0,4,2,0,0,198420385527,198420765552,380025,19,8388608
Uring,throughput,0,4,2,0,0,198420454747,198420515516,60768,18,8388608
Uring,throughput,0,4,2,0,0,198420475812,198420832246,356433,17,8388608
Uring,throughput,0,4,2,0,0,198420515523,198420893860,378337,21,8388608
Uring,throughput,0,4,2,0,0,198420518311,198420851618,333307,16,8388608
Uring,throughput,0,4,2,0,0,198420544906,198420870145,325238,15,8388608
Uring,throughput,0,4,4,0,0,198435771392,198436283890,512498,1675,8388608
Uring,throughput,0,4,4,0,0,198435771499,198436283898,512398,1404,8388608
Uring,throughput,0,4,4,0,0,198435771614,198435814750,43136,1499,8388608
Uring,throughput,0,4,4,0,0,198435771754,198436599581,827826,1667,8388608
Uring,throughput,0,4,4,0,0,198435771962,198436337585,565623,1150,8388608
Uring,throughput,0,4,4,0,0,198435772068,198436489517,717448,883,8388608
Uring,throughput,0,4,4,0,0,198435772091,198436283315,511224,1065,8388608
Uring,throughput,0,4,4,0,0,198435772228,198436304834,532606,919,8388608
Uring,throughput,0,4,4,0,0,198435772295,198436174135,401840,752,8388608
Uring,throughput,0,4,4,0,0,198435772404,198436152058,379653,787,8388608
Uring,throughput,0,4,4,0,0,198435772432,198436442221,669789,1027,8388608
Uring,throughput,0,4,4,0,0,198435772438,198436416914,644476,772,8388608
Uring,throughput,0,4,4,0,0,198435772607,198435820157,47549,493,8388608
Uring,throughput,0,4,4,0,0,198435772718,198435842371,69652,542,8388608
Uring,throughput,0,4,4,0,0,198435772877,198436244126,471249,621,8388608
Uring,throughput,0,4,4,0,0,198435773085,198435827773,54688,448,8388608
Uring,throughput,0,4,4,0,0,198435814772,198436530156,715384,19,8388608
Uring,throughput,0,4,4,0,0,198435820164,198436559225,739060,21,8388608
Uring,throughput,0,4,4,0,0,198435827782,198435850998,23216,130,8388608
Uring,throughput,0,4,4,0,0,198435842376,198436560548,718172,17,8388608
Uring,throughput,0,4,4,0,0,198435851016,198435871637,20620,19,8388608
Uring,throughput,0,4,4,0,0,198435871642,198436315049,443406,468,8388608
Uring,throughput,0,4,4,0,0,198436152065,198436705954,553888,16,8388608
Uring,throughput,0,4,4,0,0,198436174143,198436731614,557471,19,8388608
Uring,throughput,0,4,4,0,0,198436244132,198436417357,173225,16,8388608
Uring,throughput,0,4,4,0,0,198436283322,198436810942,527619,24,8388608
Uring,throughput,0,4,4,0,0,198436283898,198436757678,473780,24,8388608
Uring,throughput,0,4,4,0,0,198436283904,198436764902,480997,19,8388608
Uring,throughput,0,4,4,0,0,198436304841,198436576255,271413,16,8388608
Uring,throughput,0,4,4,0,0,198436315053,198436809839,494785,13,8388608
Uring,throughput,0,4,4,0,0,198436337592,198436778414,440821,16,8388608
Uring,throughput,0,4,4,0,0,198436416920,198436461293,44373,23,8388608
Uring,throughput,0,4,8,0,0,198453275706,198454020248,744541,2823,8388608
Uring,throughput,0,4,8,0,0,198453276192,198454415257,1139064,2464,8388608
Uring,throughput,0,4,8,0,0,198453275831,198454453475,1177644,3001,8388608
Uring,throughput,0,4,8,0,0,198453276309,198453366193,89883,2475,8388608
Uring,throughput,0,4,8,0,0,198453276143,198454089561,813418,2443,8388608
Uring,throughput,0,4,8,0,0,198453276476,198453444098,167622,2414,8388608
Uring,throughput,0,4,8,0,0,198453276684,198453962118,685433,2014,8388608
Uring,throughput,0,4,8,0,0,198453276760,198453341696,64935,1860,8388608
Uring,throughput,0,4,8,0,0,198453276805,198453415809,139003,2035,8388608
Uring,throughput,0,4,8,0,0,198453276807,198453430769,153962,2138,8388608
Uring,throughput,0,4,8,0,0,198453276945,198454168960,892015,1791,8388608
Uring,throughput,0,4,8,0,0,198453277043,198454468449,1191406,1943,8388608
Uring,throughput,0,4,8,0,0,198453277110,198454417586,1140475,1800,8388608
Uring,throughput,0,4,8,0,0,198453277161,198453455324,178163,1506,8388608
Uring,throughput,0,4,8,0,0,198453277345,198453471046,193700,1616,8388608
Uring,throughput,0,4,8,0,0,198453277373,198454025612,748238,1513,8388608
Uring,throughput,0,4,8,0,0,198453277441,198453347144,69703,1625,8388608
Uring,throughput,0,4,8,0,0,198453277451,198454481248,1203796,1335,8388608
Uring,throughput,0,4,8,0,0,198453277612,198454531429,1253817,1322,8388608
Uring,throughput,0,4,8,0,0,198453277625,198454638875,1361250,1405,8388608
Uring,throughput,0,4,8,0,0,198453277769,198453436119,158350,1100,8388608
Uring,throughput,0,4,8,0,0,198453277774,198453373993,96218,1333,8388608
Uring,throughput,0,4,8,0,0,198453277844,198454561794,1283949,1137,8388608
Uring,throughput,0,4,8,0,0,198453277870,198453417135,139264,1199,8388608
Uring,throughput,0,4,8,0,0,198453277927,198453463032,185105,980,8388608
Uring,throughput,0,4,8,0,0,198453278049,198453844139,566090,1083,8388608
Uring,throughput,0,4,8,0,0,198453278050,198454424957,1146907,1102,8388608
Uring,throughput,0,4,8,0,0,198453278083,198453366086,88002,980,8388608
Uring,throughput,0,4,8,0,0,198453278084,198454226253,948168,893,8388608
Uring,throughput,0,4,8,0,0,198453278204,198453940963,662759,965,8388608
Uring,throughput,0,4,8,0,0,198453278258,198453425511,147252,937,8388608
Uring,throughput,0,4,8,0,0,198453278308,198454161254,882946,793,8388608
Uring,throughput,0,4,8,0,0,198453341713,198454593047,1251334,21,8388608
Uring,throughput,0,4,8,0,0,198453347150,198454626374,1279223,17,8388608
Uring,throughput,0,4,8,0,0,198453366092,198454773314,1407221,15,8388608
Uring,throughput,0,4,8,0,0,198453366199,198454588849,1222650,20,8388608
Uring,throughput,0,4,8,0,0,198453373999,198454463060,1089060,37,8388608
Uring,throughput,0,4,8,0,0,198453415815,198454657227,1241412,27,8388608
Uring,throughput,0,4,8,0,0,198453417144,198453468250,51106,22,8388608
Uring,throughput,0,4,8,0,0,198453425575,198453469640,44064,33,8388608
Uring,throughput,0,4,8,0,0,198453430776,198454718817,1288040,21,8388608
Uring,throughput,0,4,8,0,0,198453436127,198453519501,83374,26,8388608
Uring,throughput,0,4,8,0,0,198453444104,198453530583,86479,17,8388608
Uring,throughput,0,4,8,0,0,198453455332,198454743905,1288573,68,8388608
Uring,throughput,0,4,8,0,0,198453463040,198454716968,1253928,17,8388608
Uring,throughput,0,4,8,0,0,198453468258,198454696304,1228046,116,8388608
Uring,throughput,0,4,8,0,0,198453469646,198454525965,1056318,17,8388608
Uring,throughput,0,4,8,0,0,198453471052,198453500586,29534,16,8388608
Uring,throughput,0,4,8,0,0,198453500593,198453544640,44047,45,8388608
Uring,throughput,0,4,8,0,0,198453519508,198454694062,1174553,17,8388608
Uring,throughput,0,4,8,0,0,198453530589,198454726703,1196114,39,8388608
Uring,throughput,0,4,8,0,0,198453544646,198453565827,21180,505,8388608
Uring,throughput,0,4,8,0,0,198453565832,198453576599,10767,14,8388608
Uring,throughput,0,4,8,0,0,198453576605,198453587491,10886,18,8388608
Uring,throughput,0,4,8,0,0,198453587498,198453613861,26363,456,8388608
Uring,throughput,0,4,8,0,0,198453613865,198454748198,1134332,21,8388608
Uring,throughput,0,4,8,0,0,198453844145,198454816325,972180,18,8388608
Uring,throughput,0,4,8,0,0,198453940972,198453953316,12343,21,8388608
Uring,throughput,0,4,8,0,0,198453953322,198454840117,886795,16,8388608
Uring,throughput,0,4,8,0,0,198453962125,198454820089,857963,18,8388608
Uring,throughput,0,4,8,0,0,198454020262,198454044530,24267,23,8388608
Uring,throughput,0,4,8,0,0,198454025619,198454816386,790766,22,8388608
Uring,throughput,0,4,8,0,0,198454044537,198454066356,21818,23,8388608
Uring,throughput,0,4,8,0,0,198454066361,198454844516,778155,449,8388608
Uring,throughput,0,4,16,0,0,198470069492,198470439036,369544,16159,8388608
Uring,throughput,0,4,16,0,0,198470069578,198471076411,1006832,15785,8388608
Uring,throughput,0,4,16,0,0,198470069555,198470580452,510896,15517,8388608
Uring,throughput,0,4,16,0,0,198470069566,198470683570,614004,16058,8388608
Uring,throughput,0,4,16,0,0,198470070143,198470745843,675700,14994,8388608
Uring,throughput,0,4,16,0,0,198470070156,198471192728,1122571,15537,8388608
Uring,throughput,0,4,16,0,0,198470070172,198470594054,523881,15576,8388608
Uring,throughput,0,4,16,0,0,198470070185,198470529388,459203,15237,8388608
Uring,throughput,0,4,16,0,0,198470070482,198470722434,651951,15317,8388608
Uring,throughput,0,4,16,0,0,198470070496,198470763856,693360,14969,8388608
Uring,throughput,0,4,16,0,0,198470070610,198470683425,612814,15194,8388608
Uring,throughput,0,4,16,0,0,198470070633,198470440264,369630,14551,8388608
Uring,throughput,0,4,16,0,0,198470070818,198470836652,765834,14688,8388608
Uring,throughput,0,4,16,0,0,198470070877,198470463154,392276,14984,8388608
Uring,throughput,0,4,16,0,0,198470070958,198470473303,402344,14900,8388608
Uring,throughput,0,4,16,0,0,198470071020,198470617576,546555,14235,8388608
Uring,throughput,0,4,16,0,0,198470071188,198470460198,389009,14721,8388608
Uring,throughput,0,4,16,0,0,198470071260,198470442817,371557,14283,8388608
Uring,throughput,0,4,16,0,0,198470071323,198470462031,390707,13972,8388608
Uring,throughput,0,4,16,0,0,198470071346,198470455432,384085,14550,8388608
Uring,throughput,0,4,16,0,0,198470071509,198471212154,1140645,14464,8388608
Uring,throughput,0,4,16,0,0,198470071545,198470465262,393717,13785,8388608
Uring,throughput,0,4,16,0,0,198470071549,198470813836,742286,14064,8388608
Uring,throughput,0,4,16,0,0,198470071609,198470498123,426513,14390,8388608
Uring,throughput,0,4,16,0,0,198470071758,198470670417,598659,14288,8388608
Uring,throughput,0,4,16,0,0,198470071767,198470568212,496444,13938,8388608
Uring,throughput,0,4,16,0,0,198470071788,198470581718,509929,13590,8388608
Uring,throughput,0,4,16,0,0,198470071907,198470686425,614517,14160,8388608
Uring,throughput,0,4,16,0,0,198470071974,198470683156,611182,13453,8388608
Uring,throughput,0,4,16,0,0,198470071989,198471062809,990819,14163,8388608
Uring,throughput,0,4,16,0,0,198470072058,198470388395,316336,13689,8388608
Uring,throughput,0,4,16,0,0,198470072123,198470432852,360728,14030,8388608
Uring,throughput,0,4,16,0,0,198470072127,198470836500,764372,13352,8388608
Uring,throughput,0,4,16,0,0,198470072262,198470596056,523794,13951,8388608
Uring,throughput,0,4,16,0,0,198470072282,198470440775,368492,13518,8388608
Uring,throughput,0,4,16,0,0,198470072358,198470679728,607370,13169,8388608
Uring,throughput,0,4,16,0,0,198470072374,198470330689,258314,13822,8388608
Uring,throughput,0,4,16,0,0,198470072492,198470729303,656810,13343,8388608
Uring,throughput,0,4,16,0,0,198470072601,198470441844,369242,12988,8388608
Uring,throughput,0,4,16,0,0,198470072626,198470327469,254843,13640,8388608
Uring,throughput,0,4,16,0,0,198470072668,198471014527,941858,13596,8388608
Uring,throughput,0,4,16,0,0,198470072812,198470751150,678337,13498,8388608
Uring,throughput,0,4,16,0,0,198470072839,198470450524,377685,12800,8388608
Uring,throughput,0,4,16,0,0,198470072880,198470445087,372207,13001,8388608
Uring,throughput,0,4,16,0,0,198470072926,198470668771,595845,13392,8388608
Uring,throughput,0,4,16,0,0,198470073091,198470441990,368898,12654,8388608
Uring,throughput,0,4,16,0,0,198470073095,198470291455,218360,12827,8388608
Uring,throughput,0,4,16,0,0,198470073145,198470594646,521501,13203,8388608
Uring,throughput,0,4,16,0,0,198470073199,198470325916,252717,13167,8388608
Uring,throughput,0,4,16,0,0,198470073238,198470456377,383138,12576,8388608
Uring,throughput,0,4,16,0,0,198470073258,198470821500,748241,12724,8388608
Uring,throughput,0,4,16,0,0,198470073382,198470455413,382030,13008,8388608
Uring,throughput,0,4,16,0,0,198470073404,198470479965,406560,13017,8388608
Uring,throughput,0,4,16,0,0,198470073494,198470648496,575001,12376,8388608
Uring,throughput,0,4,16,0,0,198470073556,198470405033,331476,12488,8388608
Uring,throughput,0,4,16,0,0,198470073617,198470284753,211135,12855,8388608
Uring,throughput,0,4,16,0,0,198470084479,198470433810,349330,1453,8388608
Uring,throughput,0,4,16,0,0,198470084515,198470459301,374786,1963,8388608
Uring,throughput,0,4,16,0,0,198470084584,198471085770,1001185,1503,8388608
Uring,throughput,0,4,16,0,0,198470084594,198470474299,389704,1921,8388608
Uring,throughput,0,4,16,0,0,198470084848,198470517808,432960,1316,8388608
Uring,throughput,0,4,16,0,0,198470084848,198470462235,377386,1682,8388608
Uring,throughput,0,4,16,0,0,198470084996,198470472927,387931,1561,8388608
Uring,throughput,0,4,16,0,0,198470085110,198470673654,588544,1467,8388608
Uring,throughput,0,4,16,0,0,198470284770,198470567448,282678,19,8388608
Uring,throughput,0,4,16,0,0,198470291464,198471225848,934383,26,8388608
Uring,throughput,0,4,16,0,0,198470325925,198471264384,938459,20,8388608
Uring,throughput,0,4,16,0,0,198470327476,198471263754,936278,19,8388608
Uring,throughput,0,4,16,0,0,198470330695,198470472716,142020,46,8388608
Uring,throughput,0,4,16,0,0,198470388404,198470594430,206025,20,8388608
Uring,throughput,0,4,16,0,0,198470405041,198470575107,170066,24,8388608
Uring,throughput,0,4,16,0,0,198470432859,198471285200,852341,24,8388608
Uring,throughput,0,4,16,0,0,198470433814,198471346608,912793,11,8388608
Uring,throughput,0,4,16,0,0,198470439043,198470703207,264163,17,8388608
Uring,throughput,0,4,16,0,0,198470440284,198470693542,253257,18,8388608
Uring,throughput,0,4,16,0,0,198470440779,198470508717,67938,23,8388608
Uring,throughput,0,4,16,0,0,198470441852,198470575702,133850,28,8388608
Uring,throughput,0,4,16,0,0,198470441991,198470585264,143272,66,8388608
Uring,throughput,0,4,16,0,0,198470442820,198471351133,908312,61,8388608
Uring,throughput,0,4,16,0,0,198470445093,198471352949,907855,15,8388608
Uring,throughput,0,4,16,0,0,198470450531,198470510393,59862,18,8388608
Uring,throughput,0,4,16,0,0,198470455418,198470718411,262992,21,8388608
Uring,throughput,0,4,16,0,0,198470455433,198470717248,261815,9,8388608
Uring,throughput,0,4,16,0,0,198470456383,198470617512,161128,19,8388608
Uring,throughput,0,4,16,0,0,198470459309,198470723038,263729,18,8388608
Uring,throughput,0,4,16,0,0,198470460202,198470613572,153370,14,8388608
Uring,throughput,0,4,16,0,0,198470462038,198470728189,266151,16,8388608
Uring,throughput,0,4,16,0,0,198470462239,198471372512,910273,11,8388608
Uring,throughput,0,4,16,0,0,198470463163,198470590861,127698,29,8388608
Uring,throughput,0,4,16,0,0,198470465267,198471301049,835782,19,8388608
Uring,throughput,0,4,16,0,0,198470472723,198470593581,120857,27,8388608
Uring,throughput,0,4,16,0,0,198470472928,198470645231,172302,9,8388608
Uring,throughput,0,4,16,0,0,198470473305,198470741955,268649,45,8388608
Uring,throughput,0,4,16,0,0,198470474303,198470595223,120920,15,8388608
Uring,throughput,0,4,16,0,0,198470479969,198470557857,77888,12,8388608
Uring,throughput,0,4,16,0,0,198470498131,198470744714,246583,21,8388608
Uring,throughput,0,4,16,0,0,198470508724,198471321210,812486,16,8388608
Uring,throughput,0,4,16,0,0,198470510399,198470650907,140507,72,8388608
Uring,throughput,0,4,16,0,0,198470517816,198470560477,42660,21,8388608
Uring,throughput,0,4,16,0,0,198470529396,198471318304,788907,29,8388608
Uring,throughput,0,4,16,0,0,198470557887,198470738860,180972,24,8388608
Uring,throughput,0,4,16,0,0,198470560483,198471062334,501850,15,8388608
Uring,throughput,0,4,16,0,0,198470567456,198470607687,40231,19,8388608
Uring,throughput,0,4,16,0,0,198470568248,198470626117,57868,38,8388608
Uring,throughput,0,4,16,0,0,198470575114,198470675203,100088,17,8388608
Uring,throughput,0,4,16,0,0,198470575707,198471184720,609013,16,8388608
Uring,throughput,0,4,16,0,0,198470580459,198470650199,69740,24,8388608
Uring,throughput,0,4,16,0,0,198470581723,198470736657,154933,40,8388608
Uring,throughput,0,4,16,0,0,198470585271,198470720243,134971,20,8388608
Uring,throughput,0,4,16,0,0,198470590868,198470685370,94502,24,8388608
Uring,throughput,0,4,16,0,0,198470593588,198470699288,105699,1139,8388608
Uring,throughput,0,4,16,0,0,198470594060,198470670896,76836,19,8388608
Uring,throughput,0,4,16,0,0,198470594436,198470835732,241295,23,8388608
Uring,throughput,0,4,16,0,0,198470594649,198470697316,102667,113,8388608
Uring,throughput,0,4,16,0,0,198470595226,198470637203,41977,10,8388608
Uring,throughput,0,4,16,0,0,198470596063,198470676043,79979,18,8388608
Uring,throughput,0,4,16,0,0,198470607693,198470754069,146376,5786,8388608
Uring,throughput,0,4,16,0,0,198470613579,198470669985,56406,18,8388608
Uring,throughput,0,4,16,0,0,198470617538,198470655344,37806,47,8388608
Uring,throughput,0,4,16,0,0,198470617576,198470724755,107178,11,8388608
Uring,throughput,0,4,16,0,0,198470626124,198471207356,581231,20,8388608
Uring,throughput,0,4,16,0,0,198470637236,198470726997,89761,871,8388608
Uring,throughput,0,4,16,0,0,198470645239,198470788519,143279,22,8388608
Uring,throughput,0,4,16,0,0,198470648502,198470690612,42109,43,8388608
Uring,throughput,0,4,16,0,0,198470650202,198470690170,39967,20,8388608
Uring,throughput,0,4,16,0,0,198470650913,198470749195,98282,1108,8388608
Uring,throughput,0,4,16,0,0,198470655349,198470705365,50016,750,8388608
Uring,throughput,0,4,16,0,0,198470668777,198470699817,31040,50,8388608
Uring,throughput,0,4,32,0,0,198492622829,198493719216,1096387,38352,8388608
Uring,throughput,0,4,32,0,0,198492622903,198493894440,1271536,37010,8388608
Uring,throughput,0,4,32,0,0,198492622930,198493924929,1301998,37943,8388608
Uring,throughput,0,4,32,0,0,198492622987,198493609764,986777,38099,8388608
Uring,throughput,0,4,32,0,0,198492623230,198493585864,962634,38019,8388608
Uring,throughput,0,4,32,0,0,198492623238,198494220941,1597702,37697,8388608
Uring,throughput,0,4,32,0,0,198492623285,198493592605,969320,36677,8388608
Uring,throughput,0,4,32,0,0,198492623387,198493380743,757355,37776,8388608
Uring,throughput,0,4,32,0,0,198492623496,198493594276,970780,37531,8388608
Uring,throughput,0,4,32,0,0,198492623499,198493419156,795656,37862,8388608
Uring,throughput,0,4,32,0,0,198492623539,198493637435,1013895,36560,8388608
Uring,throughput,0,4,32,0,0,198492623712,198493318564,694852,37371,8388608
Uring,throughput,0,4,32,0,0,198492623718,198493915876,1292157,37484,8388608
Uring,throughput,0,4,32,0,0,198492623727,198493896305,1272578,37683,8388608
Uring,throughput,0,4,32,0,0,198492623817,198493957694,1333877,36335,8388608
Uring,throughput,0,4,32,0,0,198492623879,198493178453,554574,37250,8388608
Uring,throughput,0,4,32,0,0,198492623904,198493898806,1274902,37551,8388608
Uring,throughput,0,4,32,0,0,198492623993,198493717581,1093588,37257,8388608
Uring,throughput,0,4,32,0,0,198492624091,198493887389,1263297,37134,8388608
Uring,throughput,0,4,32,0,0,198492624096,198493756073,1131977,36100,8388608
Uring,throughput,0,4,32,0,0,198492624141,198493646688,1022547,37374,8388608
Uring,throughput,0,4,32,0,0,198492624280,198493356037,731756,37084,8388608
Uring,throughput,0,4,32,0,0,198492624326,198494017056,1392730,35908,8388608
Uring,throughput,0,4,32,0,0,198492624356,198493955299,1330943,36989,8388608
Uring,throughput,0,4,32,0,0,198492624402,198494214472,1590069,37158,8388608
Uring,throughput,0,4,32,0,0,198492624480,198493716055,1091575,35794,8388608
Uring,throughput,0,4,32,0,0,198492624556,198493637982,1013425,36839,8388608
Uring,throughput,0,4,32,0,0,198492624575,198493362829,738253,36832,8388608
Uring,throughput,0,4,32,0,0,198492624597,198493515825,891227,37014,8388608
Uring,throughput,0,4,32,0,0,198492624697,198494020447,1395750,35611,8388608
Uring,throughput,0,4,32,0,0,198492624774,198493953929,1329154,36667,8388608
Uring,throughput,0,4,32,0,0,198492624783,198493167532,542748,36662,8388608
Uring,throughput,0,4,32,0,0,198492624785,198493421710,796924,36907,8388608
Uring,throughput,0,4,32,0,0,198492624887,198493716178,1091290,35460,8388608
Uring,throughput,0,4,32,0,0,198492625000,198493641358,1016358,36748,8388608
Uring,throughput,0,4,32,0,0,198492625053,198494019067,1394014,36452,8388608
Uring,throughput,0,4,32,0,0,198492625105,198493313826,688721,36390,8388608
Uring,throughput,0,4,32,0,0,198492625134,198493744087,1118952,35251,8388608
Uring,throughput,0,4,32,0,0,198492625284,198493127971,502686,35140,8388608
Uring,throughput,0,4,32,0,0,198492625287,198494097642,1472355,36249,8388608
Uring,throughput,0,4,32,0,0,198492625303,198493718176,1092873,36499,8388608
Uring,throughput,0,4,32,0,0,198492625328,198493178427,553098,36221,8388608
Uring,throughput,0,4,32,0,0,198492625476,198493646472,1020996,36097,8388608
Uring,throughput,0,4,32,0,0,198492625495,198493856907,1231412,36360,8388608
Uring,throughput,0,4,32,0,0,198492625529,198493528865,903336,36079,8388608
Uring,throughput,0,4,32,0,0,198492625540,198493823923,1198383,34919,8388608
Uring,throughput,0,4,32,0,0,198492625655,198493369888,744233,35958,8388608
Uring,throughput,0,4,32,0,0,198492625738,198493797132,1171393,34758,8388608
Uring,throughput,0,4,32,0,0,198492625812,198493614847,989035,35839,8388608
Uring,throughput,0,4,32,0,0,198492625827,198493720063,1094235,36076,8388608
Uring,throughput,0,4,32,0,0,198492625842,198493637323,1011480,35871,8388608
Uring,throughput,0,4,32,0,0,198492626029,198493112883,486854,34504,8388608
Uring,throughput,0,4,32,0,0,198492626045,198493408867,782821,35765,8388608
Uring,throughput,0,4,32,0,0,198492626045,198493954481,1328436,35668,8388608
Uring,throughput,0,4,32,0,0,198492626071,198493180814,554743,35884,8388608
Uring,throughput,0,4,32,0,0,198492626169,198493527768,901598,34408,8388608
Uring,throughput,0,4,32,0,0,198492641553,198493638977,997423,20307,8388608
Uring,throughput,0,4,32,0,0,198492641618,198493716969,1075351,19008,8388608
Uring,throughput,0,4,32,0,0,198492641669,198493595743,954074,20091,8388608
Uring,throughput,0,4,32,0,0,198492641849,198493964126,1322276,20179,8388608
Uring,throughput,0,4,32,0,0,198492642034,198493491000,848965,18635,8388608
Uring,throughput,0,4,32,0,0,198492642063,198493913530,1271467,19739,8388608
Uring,throughput,0,4,32,0,0,198492642082,198493721186,1079103,19829,8388608
Uring,throughput,0,4,32,0,0,198492642161,198493419903,777742,19915,8388608
Uring,throughput,0,4,32,0,0,198492642238,198493142999,500761,18528,8388608
Uring,throughput,0,4,32,0,0,198492642341,198493640993,998651,19497,8388608
Uring,throughput,0,4,32,0,0,198492642388,198493716433,1074045,19600,8388608
Uring,throughput,0,4,32,0,0,198492642478,198493727800,1085322,18374,8388608
Uring,throughput,0,4,32,0,0,198492642539,198493176390,533851,19664,8388608
Uring,throughput,0,4,32,0,0,198492642586,198493865479,1222893,19471,8388608
Uring,throughput,0,4,32,0,0,198492642673,198493789412,1146739,19229,8388608
Uring,throughput,0,4,32,0,0,198492642851,198493955651,1312800,18063,8388608
Uring,throughput,0,4,32,0,0,198492642893,198493481197,838304,19215,8388608
Uring,throughput,0,4,32,0,0,198492642940,198493645687,1002746,19309,8388608
Uring,throughput,0,4,32,0,0,198492643054,198493722357,1079302,18885,8388608
Uring,throughput,0,4,32,0,0,198492643065,198493287242,644177,17884,8388608
Uring,throughput,0,4,32,0,0,198492643156,198493949566,1306410,18997,8388608
Uring,throughput,0,4,32,0,0,198492643233,198494017190,1373956,19064,8388608
Uring,throughput,0,4,32,0,0,198492643264,198493491538,848273,18715,8388608
Uring,throughput,0,4,32,0,0,198492643382,198493291613,648231,18824,8388608
Uring,throughput,0,4,32,0,0,198492643388,198492989651,346263,17600,8388608
Uring,throughput,0,4,32,0,0,198492643445,198493722207,1078761,18900,8388608
Uring,throughput,0,4,32,0,0,198492643523,198493271987,628464,18528,8388608
Uring,throughput,0,4,32,0,0,198492643578,198493462307,818728,17469,8388608
Uring,throughput,0,4,32,0,0,198492643661,198493642450,998789,18733,8388608
Uring,throughput,0,4,32,0,0,198492643682,198494018358,1374676,18568,8388608
Uring,throughput,0,4,32,0,0,198492643821,198493024544,380722,18617,8388608
Uring,throughput,0,4,32,0,0,198492643827,198493957506,1313679,17268,8388608
Uring,throughput,0,4,32,0,0,198492643860,198493648261,1004400,18243,8388608
Uring,throughput,0,4,32,0,0,198492643971,198493717182,1073210,18328,8388608
Uring,throughput,0,4,32,0,0,198492644040,198493635319,991279,17124,8388608
Uring,throughput,0,4,32,0,0,198492644062,198493903913,1259851,18425,8388608
Uring,throughput,0,4,32,0,0,198492644105,198493381716,737611,18053,8388608
Uring,throughput,0,4,32,0,0,198492644169,198493948712,1304542,18175,8388608
Uring,throughput,0,4,32,0,0,198492644237,198493507814,863577,17014,8388608
Uring,throughput,0,4,32,0,0,198492644257,198493959463,1315206,18275,8388608
Uring,throughput,0,4,32,0,0,198492644325,198493280871,636545,17883,8388608
Uring,throughput,0,4,32,0,0,198492644374,198493638903,994528,18023,8388608
Uring,throughput,0,4,32,0,0,198492644416,198493824338,1179921,16957,8388608
Uring,throughput,0,4,32,0,0,198492644467,198493489532,845065,17833,8388608
Uring,throughput,0,4,32,0,0,198492644471,198493719705,1075233,18110,8388608
Uring,throughput,0,4,32,0,0,198492644614,198493962560,1317946,17723,8388608
Uring,throughput,0,4,32,0,0,198492644674,198493383736,739062,17773,8388608
Uring,throughput,0,4,32,0,0,198492644713,198493633496,988782,16700,8388608
Uring,throughput,0,4,32,0,0,198492644825,198493939259,1294434,17838,8388608
Uring,throughput,0,4,32,0,0,198492644833,198493956631,1311797,17704,8388608
Uring,throughput,0,4,32,0,0,198492644846,198493819835,1174989,17530,8388608
Uring,throughput,0,4,32,0,0,198492644964,198493370914,725949,16511,8388608
Uring,throughput,0,4,32,0,0,198492644977,198493722415,1077437,17610,8388608
Uring,throughput,0,4,32,0,0,198492645041,198493661925,1016883,17669,8388608
Uring,throughput,0,4,32,0,0,198492645089,198493354463,709374,16436,8388608
Uring,throughput,0,4,32,0,0,198492645089,198493803795,1158705,17419,8388608
Uring,throughput,0,4,32,0,0,198492645191,198493718871,1073680,17554,8388608
Uring,throughput,0,4,32,0,0,198492645266,198493419922,774655,17503,8388608
Uring,throughput,0,4,32,0,0,198492645277,198493642674,997397,16287,8388608
Uring,throughput,0,4,32,0,0,198492645283,198493037072,391788,17266,8388608
Uring,throughput,0,4,32,0,0,198492645456,198493962197,1316741,17133,8388608
Uring,throughput,0,4,32,0,0,198492645479,198493327902,682423,17334,8388608
Uring,throughput,0,4,32,0,0,198492645581,198493777860,1132278,17216,8388608
Uring,throughput,0,4,32,0,0,198492645599,198493331040,685441,16028,8388608
Uring,throughput,0,4,32,0,0,198492659696,198493696094,1036398,2950,8388608
Uring,throughput,0,4,32,0,0,198492659700,198493025121,365420,3167,8388608
Uring,throughput,0,4,32,0,0,198492659700,198493721408,1061708,3141,8388608
Uring,throughput,0,4,32,0,0,198492660036,198493961400,1301364,2957,8388608
Uring,throughput,0,4,32,0,0,198492660141,198493180781,520639,2764,8388608
Uring,throughput,0,4,32,0,0,198492660166,198494079710,1419544,2520,8388608
Uring,throughput,0,4,32,0,0,198492660354,198494023199,1362844,2373,8388608
Uring,throughput,0,4,32,0,0,198492660407,198493024261,363853,2654,8388608
Uring,throughput,0,4,32,0,0,198492989667,198493659036,669368,16,8388608
Uring,throughput,0,4,32,0,0,198493024268,198493666189,641920,14,8388608
Uring,throughput,0,4,32,0,0,198493024548,198493667375,642826,16,8388608
Uring,throughput,0,4,32,0,0,198493025123,198493551030,525906,12,8388608
Uring,throughput,0,4,32,0,0,198493037081,198493551359,514278,30,8388608
Uring,throughput,0,4,32,0,0,198493112892,198493183392,70500,46,8388608
Uring,throughput,0,4,32,0,0,198493127978,198494130286,1002307,21,8388608
Uring,throughput,0,4,32,0,0,198493143025,198494232595,1089569,30,8388608
Uring,throughput,0,4,32,0,0,198493167541,198494031319,863777,43,8388608
Uring,throughput,0,4,32,0,0,198493176397,198493222185,45787,19,8388608
Uring,throughput,0,4,32,0,0,198493178434,198493976325,797890,27,8388608
Uring,throughput,0,4,32,0,0,198493178454,198493764310,585855,10,8388608
Uring,throughput,0,4,32,0,0,198493180788,198493272351,91562,22,8388608
Uring,throughput,0,4,32,0,0,198493180821,198493764912,584091,13,8388608
Uring,throughput,0,4,32,0,0,198493183397,198493240384,56986,11,8388608
Uring,throughput,0,4,32,0,0,198493222191,198493285489,63298,40,8388608
Uring,throughput,0,4,32,0,0,198493240391,198493549998,309607,4237,8388608
Uring,throughput,0,4,32,0,0,198493271996,198493411326,139330,38,8388608
Uring,throughput,0,4,32,0,0,198493272355,198493395288,122933,14,8388608
Uring,throughput,0,4,32,0,0,198493280880,198493879402,598521,17,8388608
Uring,throughput,0,4,32,0,0,198493285496,198493541914,256418,2973,8388608
Uring,throughput,0,4,32,0,0,198493287250,198493414953,127702,14,8388608
Uring,throughput,0,4,32,0,0,198493291620,198493895920,604300,19,8388608
Uring,throughput,0,4,32,0,0,198493313836,198493434318,120482,22,8388608
Uring,throughput,0,4,32,0,0,198493318571,198493920519,601947,17,8388608
Uring,throughput,0,4,32,0,0,198493327909,198493850954,523044,16,8388608
Uring,throughput,0,4,32,0,0,198493331046,198493925647,594600,34,8388608
Uring,throughput,0,4,32,0,0,198493354469,198493420991,66522,23,8388608
Uring,throughput,0,4,32,0,0,198493356045,198493992697,636651,21,8388608
Uring,throughput,0,4,32,0,0,198493362837,198493942066,579228,25,8388608
Uring,throughput,0,4,32,0,0,198493369896,198493870846,500949,24,8388608
Uring,throughput,0,4,32,0,0,198493370920,198494072145,701224,37,8388608
Uring,throughput,0,4,32,0,0,198493380752,198493874024,493272,22,8388608
Uring,throughput,0,4,32,0,0,198493381723,198493946048,564325,17,8388608
Uring,throughput,0,4,32,0,0,198493383745,198493944190,560444,26,8388608
Uring,throughput,0,4,32,0,0,198493395294,198494045586,650292,6056,8388608
Uring,throughput,0,4,32,0,0,198493408874,198493992996,584121,30,8388608
Uring,throughput,0,4,32,0,0,198493411333,198493949493,538159,20,8388608
Uring,throughput,0,4,32,0,0,198493414959,198493950126,535167,21,8388608
Uring,throughput,0,4,32,0,0,198493419163,198494041933,622770,59,8388608
Uring,throughput,0,4,32,0,0,198493419907,198494045425,625517,22,8388608
Uring,throughput,0,4,32,0,0,198493419923,198494139489,719566,30,8388608
Uring,throughput,0,4,32,0,0,198493420997,198493887512,466514,45,8388608
Uring,throughput,0,4,32,0,0,198493421715,198494046275,624560,12,8388608
Uring,throughput,0,4,32,0,0,198493434326,198493955858,521532,17,8388608
Uring,throughput,0,4,32,0,0,198493462321,198494190794,728473,20,8388608
Uring,throughput,0,4,32,0,0,198493481205,198493917271,436065,21,8388608
Uring,throughput,0,4,32,0,0,198493489541,198493602240,112698,26,8388608
Uring,throughput,0,4,32,0,0,198493491031,198493922720,431689,27,8388608
Uring,throughput,0,4,32,0,0,198493491545,198494067959,576414,75,8388608
Uring,throughput,0,4,32,0,0,198493507822,198493973060,465237,34,8388608
Uring,throughput,0,4,32,0,0,198493515834,198494155843,640008,32,8388608
Uring,throughput,0,4,32,0,0,198493527775,198494134051,606276,22,8388608
Uring,throughput,0,4,32,0,0,198493528871,198494082919,554047,16,8388608
Uring,throughput,0,4,32,0,0,198493541920,198493968939,427018,20,8388608
Uring,throughput,0,4,32,0,0,198493550025,198493605199,55173,23,8388608
Uring,throughput,0,4,32,0,0,198493551038,198494084889,533851,18,8388608
Uring,throughput,0,4,32,0,0,198493551367,198494085689,534321,65,8388608
Uring,throughput,0,4,32,0,0,198493585873,198493655428,69554,20,8388608
Uring,throughput,0,4,32,0,0,198493592615,198493837217,244602,23,8388608
Uring,throughput,0,4,32,0,0,198493594286,198494102197,507910,27,8388608
Uring,throughput,0,4,32,0,0,198493595750,198494093780,498030,14,8388608
Uring,throughput,0,4,32,0,0,198493602247,198494103392,501145,102,8388608
Uring,throughput,0,4,32,0,0,198493605205,198493644071,38866,19,8388608
Uring,throughput,0,4,32,0,0,198493609772,198494204871,595098,19,8388608
Uring,throughput,0,4,32,0,0,198493614857,198493958429,343571,19,8388608
Uring,throughput,0,4,32,0,0,198493633505,198494107132,473626,21,8388608
Uring,throughput,0,4,32,0,0,198493635330,198493966397,331066,13,8388608
Uring,throughput,0,4,32,0,0,198493637331,198494109244,471913,19,8388608
Uring,throughput,0,4,32,0,0,198493637446,198494129060,491614,72,8388608
Uring,throughput,0,4,32,0,0,198493637988,198494108542,470553,34,8388608
Uring,throughput,0,4,32,0,0,198493638907,198493969276,330369,13,8388608
Uring,throughput,0,4,32,0,0,198493638978,198494139514,500535,53,8388608
Uring,throughput,0,4,32,0,0,198493641025,198494100041,459016,44,8388608
Uring,throughput,0,4,32,0,0,198493641365,198494145147,503782,21,8388608
Uring,throughput,0,4,32,0,0,198493642455,198494142260,499805,39,8388608
Uring,throughput,0,4,32,0,0,198493642678,198494149328,506649,15,8388608
Uring,throughput,0,4,32,0,0,198493644075,198494105610,461535,6515,8388608
Uring,throughput,0,4,32,0,0,198493645691,198493973227,327536,30,8388608
Uring,throughput,0,4,32,0,0,198493646476,198494149679,503202,22,8388608
Uring,throughput,0,4,32,0,0,198493646728,198493810233,163504,97,8388608
Uring,throughput,0,4,32,0,0,198493648264,198493966858,318594,20,8388608
Uring,throughput,0,4,32,0,0,198493655435,198494114559,459124,45,8388608
Uring,throughput,0,4,32,0,0,198493659043,198493792164,133120,59,8388608
Uring,throughput,0,4,32,0,0,198493661991,198493970871,308879,101,8388608
Uring,throughput,0,4,32,0,0,198493666202,198493797513,131311,20,8388608
Uring,throughput,0,4,32,0,0,198493667379,198493801363,133984,18,8388608
Uring,throughput,0,4,32,0,0,198493696102,198494156394,460291,20,8388608
Uring,throughput,0,4,32,0,0,198493716064,198493923935,207870,54,8388608
Uring,throughput,0,4,32,0,0,198493716180,198494213039,496859,12,8388608
Uring,throughput,0,4,32,0,0,198493716441,198494212822,496381,25,8388608
Uring,throughput,0,4,32,0,0,198493716972,198494212897,495924,13,8388608
Uring,throughput,0,4,32,0,0,198493717189,198494212998,495808,17,8388608
Uring,throughput,0,4,32,0,0,198493717585,198494212484,494899,27,8388608
Uring,throughput,0,4,32,0,0,198493718184,198494213074,494890,16,8388608
Uring,throughput,0,4,32,0,0,198493718875,198494213061,494186,13,8388608
Uring,throughput,0,4,32,0,0,198493719219,198494213397,494177,40,8388608
Uring,throughput,0,4,32,0,0,198493719707,198494213153,493445,9,8388608
Uring,throughput,0,4,32,0,0,198493720065,198494174727,454661,9,8388608
Uring,throughput,0,4,32,0,0,198493721191,198493988774,267583,18,8388608
Uring,throughput,0,4,32,0,0,198493721410,198494213450,492039,14,8388608
Uring,throughput,0,4,32,0,0,198493722210,198494117871,395661,10,8388608
Uring,throughput,0,4,32,0,0,198493722359,198494213418,491059,13,8388608
Uring,throughput,0,4,32,0,0,198493722416,198493987452,265036,11,8388608
Uring,throughput,0,4,32,0,0,198493727807,198493811250,83442,22,8388608
Uring,throughput,0,4,32,0,0,198493744096,198494205313,461216,42,8388608
Uring,throughput,0,4,32,0,0,198493756101,198494213626,457525,19,8388608
Uring,throughput,0,4,32,0,0,198493764317,198494113375,349057,71,8388608
Uring,throughput,0,4,32,0,0,198493764921,198494116296,351375,21,8388608
Uring,throughput,0,4,32,0,0,198493777867,198494169352,391484,18,8388608
Uring,throughput,0,4,32,0,0,198493789419,198494118562,329143,25,8388608
Uring,throughput,0,4,32,0,0,198493792168,198493982799,190631,5034,8388608
Uring,throughput,0,4,32,0,0,198493797138,198494121957,324819,157,8388608
Uring,throughput,0,4,32,0,0,198493797520,198494171304,373783,1436,8388608
Uring,throughput,0,4,32,0,0,198493801369,198494111360,309990,3416,8388608
Uring,throughput,0,4,32,0,0,198493803802,198494193565,389763,21,8388608
Uring,throughput,0,4,32,0,0,198493810240,198493869331,59091,40,8388608
Uring,throughput,0,4,32,0,0,198493811255,198494173221,361966,72,8388608
Uring,throughput,0,4,32,0,0,198493819843,198494173777,353934,22,8388608
Uring,throughput,0,4,32,0,0,198493823932,198494214226,390294,29,8388608
Uring,throughput,0,4,32,0,0,198493824358,198494143084,318726,79,8388608
Uring,throughput,0,4,32,0,0,198493837223,198494112272,275048,17,8388608
Uring,throughput,0,4,32,0,0,198493850962,198494106845,255882,37,8388608
Uring,throughput,0,4,32,0,0,198493856913,198494178669,321756,20,8388608
Uring,throughput,0,4,32,0,0,198493865488,198494224747,359259,25,8388608
Uring,throughput,0,4,32,0,0,198493869337,198494174049,304712,3052,8388608
Uring,throughput,0,4,32,0,0,198493870854,198493997227,126372,55,8388608
Uring,throughput,0,4,32,0,0,198493874061,198494119336,245275,27,8388608
Uring,throughput,0,4,64,0,0,198519338162,198521198000,1859838,48122,8388608
Uring,throughput,0,4,64,0,0,198519338240,198521085916,1747675,47618,8388608
Uring,throughput,0,4,64,0,0,198519338291,198522768223,3429931,47686,8388608
Uring,throughput,0,4,64,0,0,198519338373,198520288490,950116,48236,8388608
Uring,throughput,0,4,64,0,0,198519338541,198522738608,3400067,47799,8388608
Uring,throughput,0,4,64,0,0,198519338783,198522694475,3355691,47885,8388608
Uring,throughput,0,4,64,0,0,198519338868,198521029234,1690365,47526,8388608
Uring,throughput,0,4,64,0,0,198519338868,198520165397,826529,47058,8388608
Uring,throughput,0,4,64,0,0,198519338888,198520620471,1281583,47199,8388608
Uring,throughput,0,4,64,0,0,198519339065,198522742246,3403181,47648,8388608
Uring,throughput,0,4,64,0,0,198519339227,198520560080,1220853,47223,8388608
Uring,throughput,0,4,64,0,0,198519339260,198522747973,3408712,46761,8388608
Uring,throughput,0,4,64,0,0,198519339413,198521227103,1887689,46752,8388608
Uring,throughput,0,4,64,0,0,198519339424,198520185924,846500,47329,8388608
Uring,throughput,0,4,64,0,0,198519339475,198520596485,1257010,46613,8388608
Uring,throughput,0,4,64,0,0,198519339487,198520660080,1320593,47012,8388608
Uring,throughput,0,4,64,0,0,198519339638,198521292136,1952498,46920,8388608
Uring,throughput,0,4,64,0,0,198519339644,198520543965,1204321,46510,8388608
Uring,throughput,0,4,64,0,0,198519339687,198522285856,2946168,46562,8388608
Uring,throughput,0,4,64,0,0,198519339712,198520717943,1378231,47106,8388608
Uring,throughput,0,4,64,0,0,198519339881,198521342759,2002877,46455,8388608
Uring,throughput,0,4,64,0,0,198519339907,198521266427,1926519,46310,8388608
Uring,throughput,0,4,64,0,0,198519339917,198520984389,1644471,46707,8388608
Uring,throughput,0,4,64,0,0,198519339999,198521063421,1723422,46868,8388608
Uring,throughput,0,4,64,0,0,198519340070,198521241077,1901006,46322,8388608
Uring,throughput,0,4,64,0,0,198519340127,198520516233,1176105,46146,8388608
Uring,throughput,0,4,64,0,0,198519340158,198520629145,1288987,46511,8388608
Uring,throughput,0,4,64,0,0,198519340341,198521384733,2044392,46380,8388608
Uring,throughput,0,4,64,0,0,198519340345,198520569475,1229129,46091,8388608
Uring,throughput,0,4,64,0,0,198519340351,198522032385,2692034,46555,8388608
Uring,throughput,0,4,64,0,0,198519340391,198521243476,1903085,45948,8388608
Uring,throughput,0,4,64,0,0,198519340535,198520052442,711906,45842,8388608
Uring,throughput,0,4,64,0,0,198519340610,198521272264,1931654,46150,8388608
Uring,throughput,0,4,64,0,0,198519340664,198520930265,1589600,46292,8388608
Uring,throughput,0,4,64,0,0,198519340676,198520544868,1204192,45800,8388608
Uring,throughput,0,4,64,0,0,198519340829,198522548734,3207905,45623,8388608
Uring,throughput,0,4,64,0,0,198519340851,198520466938,1126086,46170,8388608
Uring,throughput,0,4,64,0,0,198519340913,198522188023,2847110,45891,8388608
Uring,throughput,0,4,64,0,0,198519340915,198520620106,1279191,45632,8388608
Uring,throughput,0,4,64,0,0,198519341041,198521195945,1854904,45457,8388608
Uring,throughput,0,4,64,0,0,198519341103,198522919182,3578079,45505,8388608
Uring,throughput,0,4,64,0,0,198519341199,198522941283,3600084,45866,8388608
Uring,throughput,0,4,64,0,0,198519341221,198521124789,1783568,45623,8388608
Uring,throughput,0,4,64,0,0,198519341327,198520631915,1290587,45339,8388608
Uring,throughput,0,4,64,0,0,198519341356,198521163332,1821975,45184,8388608
Uring,throughput,0,4,64,0,0,198519341391,198521412646,2071255,45495,8388608
Uring,throughput,0,4,64,0,0,198519341410,198520440709,1099299,45693,8388608
Uring,throughput,0,4,64,0,0,198519341569,198521577259,2235690,45020,8388608
Uring,throughput,0,4,64,0,0,198519341651,198520085048,743397,45061,8388608
Uring,throughput,0,4,64,0,0,198519341746,198520698062,1356315,45220,8388608
Uring,throughput,0,4,64,0,0,198519341820,198522699915,3358095,45330,8388608
Uring,throughput,0,4,64,0,0,198519341910,198521391662,2049751,44839,8388608
Uring,throughput,0,4,64,0,0,198519341927,198520906268,1564341,45104,8388608
Uring,throughput,0,4,64,0,0,198519341951,198520091297,749345,44689,8388608
Uring,throughput,0,4,64,0,0,198519342130,198522698700,3356569,45151,8388608
Uring,throughput,0,4,64,0,0,198519342133,198521219951,1877818,44663,8388608
Uring,throughput,0,4,64,0,0,198519355637,198522986430,3630792,31700,8388608
Uring,throughput,0,4,64,0,0,198519355652,198522835358,3479706,31423,8388608
Uring,throughput,0,4,64,0,0,198519355669,198522656996,3301326,31165,8388608
Uring,throughput,0,4,64,0,0,198519355743,198521372160,2016417,30948,8388608
Uring,throughput,0,4,64,0,0,198519356055,198522213348,2857293,30824,8388608
Uring,throughput,0,4,64,0,0,198519356081,198522872581,3516500,31305,8388608
Uring,throughput,0,4,64,0,0,198519356144,198520553486,1197341,30637,8388608
Uring,throughput,0,4,64,0,0,198519356166,198522266770,2910603,30947,8388608
Uring,throughput,0,4,64,0,0,198519356327,198520482823,1126495,30589,8388608
Uring,throughput,0,4,64,0,0,198519356420,198523018276,3661856,31047,8388608
Uring,throughput,0,4,64,0,0,198519356427,198521714601,2358173,30404,8388608
Uring,throughput,0,4,64,0,0,198519356573,198520636799,1280226,30604,8388608
Uring,throughput,0,4,64,0,0,198519356700,198522655648,3298947,30267,8388608
Uring,throughput,0,4,64,0,0,198519356717,198522934951,3578234,30791,8388608
Uring,throughput,0,4,64,0,0,198519356811,198521405476,2048664,30058,8388608
Uring,throughput,0,4,64,0,0,198519357035,198522797374,3440338,29985,8388608
Uring,throughput,0,4,64,0,0,198519357048,198522996991,3639942,30220,8388608
Uring,throughput,0,4,64,0,0,198519357104,198522768066,3410962,29808,8388608
Uring,throughput,0,4,64,0,0,198519357137,198522771278,3414140,30409,8388608
Uring,throughput,0,4,64,0,0,198519357289,198522972588,3615299,30030,8388608
Uring,throughput,0,4,64,0,0,198519357295,198522869965,3512670,30358,8388608
Uring,throughput,0,4,64,0,0,198519357363,198521771754,2414391,29703,8388608
Uring,throughput,0,4,64,0,0,198519357487,198522867061,3509573,29462,8388608
Uring,throughput,0,4,64,0,0,198519357507,198522904321,3546814,30186,8388608
Uring,throughput,0,4,64,0,0,198519357512,198522661828,3304315,29846,8388608
Uring,throughput,0,4,64,0,0,198519357752,198521153044,1795291,29353,8388608
Uring,throughput,0,4,64,0,0,198519357754,198520836787,1479032,29242,8388608
Uring,throughput,0,4,64,0,0,198519357797,198522757706,3399909,29938,8388608
Uring,throughput,0,4,64,0,0,198519357809,198521996282,2638472,29627,8388608
Uring,throughput,0,4,64,0,0,198519358059,198521042174,1684114,29715,8388608
Uring,throughput,0,4,64,0,0,198519358076,198520234490,876413,29080,8388608
Uring,throughput,0,4,64,0,0,198519358098,198521990923,2632825,29379,8388608
Uring,throughput,0,4,64,0,0,198519358155,198522602582,3244426,28920,8388608
Uring,throughput,0,4,64,0,0,198519358296,198522976990,3618694,29223,8388608
Uring,throughput,0,4,64,0,0,198519358349,198521879937,2521588,29469,8388608
Uring,throughput,0,4,64,0,0,198519358405,198521269806,1911400,28792,8388608
Uring,throughput,0,4,64,0,0,198519358487,198521664192,2305705,28628,8388608
Uring,throughput,0,4,64,0,0,198519358526,198520606063,1247536,29034,8388608
Uring,throughput,0,4,64,0,0,198519358571,198520374379,1015807,28717,8388608
Uring,throughput,0,4,64,0,0,198519358627,198520900528,1541900,29235,8388608
Uring,throughput,0,4,64,0,0,198519358752,198522833286,3474533,28932,8388608
Uring,throughput,0,4,64,0,0,198519358777,198522046645,2687867,28379,8388608
Uring,throughput,0,4,64,0,0,198519358891,198521423070,2064179,28445,8388608
Uring,throughput,0,4,64,0,0,198519358893,198522651468,3292575,29015,8388608
Uring,throughput,0,4,64,0,0,198519358973,198520546916,1187943,28221,8388608
Uring,throughput,0,4,64,0,0,198519358974,198520082777,723802,28755,8388608
Uring,throughput,0,4,64,0,0,198519359171,198520525122,1165951,28128,8388608
Uring,throughput,0,4,64,0,0,198519359252,198522774446,3415193,28124,8388608
Uring,throughput,0,4,64,0,0,198519359256,198521732042,2372785,28595,8388608
Uring,throughput,0,4,64,0,0,198519359263,198520498299,1139035,28687,8388608
Uring,throughput,0,4,64,0,0,198519359457,198522738793,3379335,27901,8388608
Uring,throughput,0,4,64,0,0,198519359460,198520888501,1529041,28529,8388608
Uring,throughput,0,4,64,0,0,198519359467,198521129270,1769803,28003,8388608
Uring,throughput,0,4,64,0,0,198519359481,198520800168,1440687,28433,8388608
Uring,throughput,0,4,64,0,0,198519359638,198520712216,1352578,28545,8388608
Uring,throughput,0,4,64,0,0,198519359649,198522298980,2939331,27861,8388608
Uring,throughput,0,4,64,0,0,198519359691,198522555041,3195349,27768,8388608
Uring,throughput,0,4,64,0,0,198519359718,198520574527,1214809,28235,8388608
Uring,throughput,0,4,64,0,0,198519359864,198522748487,3388622,28358,8388608
Uring,throughput,0,4,64,0,0,198519359958,198520691393,1331435,27540,8388608
Uring,throughput,0,4,64,0,0,198519360026,198522834203,3474176,28249,8388608
Uring,throughput,0,4,64,0,0,198519360044,198520505358,1145313,27952,8388608
Uring,throughput,0,4,64,0,0,198519360079,198520620075,1259995,27473,8388608
Uring,throughput,0,4,64,0,0,198519360170,198520953919,1593748,27486,8388608
Uring,throughput,0,4,64,0,0,198519366499,198520090511,724012,21837,8388608
Uring,throughput,0,4,64,0,0,198519366576,198520574068,1207492,21105,8388608
Uring,throughput,0,4,64,0,0,198519366582,198521589420,2222838,21502,8388608
Uring,throughput,0,4,64,0,0,198519366652,198522771622,3404970,21048,8388608
Uring,throughput,0,4,64,0,0,198519366870,198520005274,638403,21508,8388608
Uring,throughput,0,4,64,0,0,198519366920,198520849606,1482686,21208,8388608
Uring,throughput,0,4,64,0,0,198519366934,198520669276,1302341,20790,8388608
Uring,throughput,0,4,64,0,0,198519367106,198521412406,2045300,20639,8388608
Uring,throughput,0,4,64,0,0,198519367223,198521490424,2123201,20954,8388608
Uring,throughput,0,4,64,0,0,198519367246,198520770684,1403437,20520,8388608
Uring,throughput,0,4,64,0,0,198519367260,198520325414,958153,21157,8388608
Uring,throughput,0,4,64,0,0,198519367393,198521211107,1843713,20411,8388608
Uring,throughput,0,4,64,0,0,198519367398,198522111082,2743684,20392,8388608
Uring,throughput,0,4,64,0,0,198519367439,198520339501,972062,20798,8388608
Uring,throughput,0,4,64,0,0,198519367516,198521295128,1927612,20949,8388608
Uring,throughput,0,4,64,0,0,198519367611,198522741243,3373631,20236,8388608
Uring,throughput,0,4,64,0,0,198519367622,198521266761,1899138,20664,8388608
Uring,throughput,0,4,64,0,0,198519367635,198522794652,3427016,20193,8388608
Uring,throughput,0,4,64,0,0,198519367703,198521377703,2009999,20806,8388608
Uring,throughput,0,4,64,0,0,198519367848,198521376799,2008950,20030,8388608
Uring,throughput,0,4,64,0,0,198519367918,198522882835,3514916,20627,8388608
Uring,throughput,0,4,64,0,0,198519367928,198522757393,3389464,19963,8388608
Uring,throughput,0,4,64,0,0,198519367948,198520514410,1146461,20382,8388608
Uring,throughput,0,4,64,0,0,198519368032,198522755227,3387195,19884,8388608
Uring,throughput,0,4,64,0,0,198519368087,198520029986,661898,20500,8388608
Uring,throughput,0,4,64,0,0,198519368186,198520642468,1274282,19748,8388608
Uring,throughput,0,4,64,0,0,198519368199,198520916821,1548621,20173,8388608
Uring,throughput,0,4,64,0,0,198519368353,198521374481,2006127,19605,8388608
Uring,throughput,0,4,64,0,0,198519368363,198521291592,1923229,20263,8388608
Uring,throughput,0,4,64,0,0,198519368458,198520572732,1204274,19950,8388608
Uring,throughput,0,4,64,0,0,198519368485,198522988940,3620455,19490,8388608
Uring,throughput,0,4,64,0,0,198519368619,198520811306,1442687,19380,8388608
Uring,throughput,0,4,64,0,0,198519368682,198520684953,1316271,19987,8388608
Uring,throughput,0,4,64,0,0,198519368693,198520717243,1348549,19757,8388608
Uring,throughput,0,4,64,0,0,198519368749,198520401506,1032756,19318,8388608
Uring,throughput,0,4,64,0,0,198519368919,198521427244,2058324,19176,8388608
Uring,throughput,0,4,64,0,0,198519368939,198522967593,3598653,19769,8388608
Uring,throughput,0,4,64,0,0,198519368988,198521499355,2130367,19500,8388608
Uring,throughput,0,4,64,0,0,198519368996,198522703037,3334041,19110,8388608
Uring,throughput,0,4,64,0,0,198519369244,198520482970,1113726,19508,8388608
Uring,throughput,0,4,64,0,0,198519369245,198519796249,427003,18887,8388608
Uring,throughput,0,4,64,0,0,198519369299,198522982581,3613282,18869,8388608
Uring,throughput,0,4,64,0,0,198519369366,198520574401,1205035,19171,8388608
Uring,throughput,0,4,64,0,0,198519369522,198523003107,3633584,18663,8388608
Uring,throughput,0,4,64,0,0,198519369525,198522812814,3443289,18682,8388608
Uring,throughput,0,4,64,0,0,198519369585,198522399410,3029824,19209,8388608
Uring,throughput,0,4,64,0,0,198519369712,198522399324,3029612,18865,8388608
Uring,throughput,0,4,64,0,0,198519369721,198522527803,3158082,18541,8388608
Uring,throughput,0,4,64,0,0,198519369757,198522835336,3465579,18495,8388608
Uring,throughput,0,4,64,0,0,198519369863,198522870296,3500432,18986,8388608
Uring,throughput,0,4,64,0,0,198519369880,198520986064,1616183,18428,8388608
Uring,throughput,0,4,64,0,0,198519369931,198522749821,3379890,18371,8388608
Uring,throughput,0,4,64,0,0,198519369944,198521810075,2440131,18675,8388608
Uring,throughput,0,4,64,0,0,198519370097,198522679254,3309157,18791,8388608
Uring,throughput,0,4,64,0,0,198519370123,198520648638,1278515,18228,8388608
Uring,throughput,0,4,64,0,0,198519370133,198523029140,3659006,18207,8388608
Uring,throughput,0,4,64,0,0,198519370179,198522910835,3540655,18485,8388608
Uring,throughput,0,4,64,0,0,198519370292,198522939641,3569349,18162,8388608
Uring,throughput,0,4,64,0,0,198519370302,198521995464,2625161,18630,8388608
Uring,throughput,0,4,64,0,0,198519370363,198522666719,3296355,18024,8388608
Uring,throughput,0,4,64,0,0,198519370369,198522913093,3542724,18333,8388608
Uring,throughput,0,4,64,0,0,198519370464,198520076959,706495,18029,8388608
Uring,throughput,0,4,64,0,0,198519370543,198521619665,2249121,18438,8388608
Uring,throughput,0,4,64,0,0,198519370627,198522225646,2855019,17832,8388608
Uring,throughput,0,4,64,0,0,198519370658,198522933246,3562588,18087,8388608
Uring,throughput,0,4,64,0,0,198519370702,198521196897,1826194,18331,8388608
Uring,throughput,0,4,64,0,0,198519370716,198520996059,1625343,17821,8388608
Uring,throughput,0,4,64,0,0,198519370839,198521400596,2029756,18236,8388608
Uring,throughput,0,4,64,0,0,198519370887,198522942218,3571330,17896,8388608
Uring,throughput,0,4,64,0,0,198519370915,198522970439,3599523,17582,8388608
Uring,throughput,0,4,64,0,0,198519371057,198523041194,3670137,17541,8388608
Uring,throughput,0,4,64,0,0,198519371093,198522696596,3325503,18024,8388608
Uring,throughput,0,4,64,0,0,198519371171,198522820160,3448989,17368,8388608
Uring,throughput,0,4,64,0,0,198519371184,198520767064,1395879,17643,8388608
Uring,throughput,0,4,64,0,0,198519371271,198520406237,1034965,17373,8388608
Uring,throughput,0,4,64,0,0,198519371350,198520845966,1474616,17808,8388608
Uring,throughput,0,4,64,0,0,198519371403,198522874816,3503412,17178,8388608
Uring,throughput,0,4,64,0,0,198519371471,198522642155,3270683,17395,8388608
Uring,throughput,0,4,64,0,0,198519371585,198521314125,1942540,17098,8388608
Uring,throughput,0,4,64,0,0,198519371615,198521906924,2535309,17581,8388608
Uring,throughput,0,4,64,0,0,198519371653,198520971482,1599828,16971,8388608
Uring,throughput,0,4,64,0,0,198519371770,198521289731,1917961,17139,8388608
Uring,throughput,0,4,64,0,0,198519371884,198520596936,1225052,17354,8388608
Uring,throughput,0,4,64,0,0,198519371888,198521772474,2400586,16838,8388608
Uring,throughput,0,4,64,0,0,198519371896,198521179947,1808050,16767,8388608
Uring,throughput,0,4,64,0,0,198519371950,198520573253,1201303,16996,8388608
Uring,throughput,0,4,64,0,0,198519372177,198519988913,616736,16586,8388608
Uring,throughput,0,4,64,0,0,198519372184,198521337818,1965633,16811,8388608
Uring,throughput,0,4,64,0,0,198519372212,198520974480,1602267,16492,8388608
Uring,throughput,0,4,64,0,0,198519372279,198520582896,1210616,17003,8388608
Uring,throughput,0,4,64,0,0,198519372346,198520578665,1206318,16401,8388608
Uring,throughput,0,4,64,0,0,198519372415,198520851193,1478777,16390,8388608
Uring,throughput,0,4,64,0,0,198519372435,198521850762,2478326,16657,8388608
Uring,throughput,0,4,64,0,0,198519372539,198521262614,1890075,16246,8388608
Uring,throughput,0,4,64,0,0,198519372563,198519818623,446060,16800,8388608
Uring,throughput,0,4,64,0,0,198519372584,198522585478,3212893,16264,8388608
Uring,throughput,0,4,64,0,0,198519372663,198520530334,1157670,16473,8388608
Uring,throughput,0,4,64,0,0,198519372831,198520390632,1017801,15998,8388608
Uring,throughput,0,4,64,0,0,198519372851,198520766210,1393359,16055,8388608
Uring,throughput,0,4,64,0,0,198519372937,198520328064,955126,16465,8388608
Uring,throughput,0,4,64,0,0,198519372987,198521849459,2476471,16195,8388608
Uring,throughput,0,4,64,0,0,198519373054,198521217311,1844256,15813,8388608
Uring,throughput,0,4,64,0,0,198519373193,198520366901,993708,16298,8388608
Uring,throughput,0,4,64,0,0,198519373239,198521650050,2276811,15777,8388608
Uring,throughput,0,4,64,0,0,198519373238,198520493947,1120708,15671,8388608
Uring,throughput,0,4,64,0,0,198519373255,198520649507,1276252,15966,8388608
Uring,throughput,0,4,64,0,0,198519373386,198520652412,1279026,16381,8388608
Uring,throughput,0,4,64,0,0,198519373433,198521604166,2230732,15885,8388608
Uring,throughput,0,4,64,0,0,198519373435,198520554195,1180760,15632,8388608
Uring,throughput,0,4,64,0,0,198519373527,198522005317,2631789,15420,8388608
Uring,throughput,0,4,64,0,0,198519373566,198520052044,678478,16245,8388608
Uring,throughput,0,4,64,0,0,198519373613,198520052425,678812,15499,8388608
Uring,throughput,0,4,64,0,0,198519373698,198522883293,3509595,15692,8388608
Uring,throughput,0,4,64,0,0,198519373740,198522821604,3447864,15285,8388608
Uring,throughput,0,4,64,0,0,198519373821,198522770984,3397163,16097,8388608
Uring,throughput,0,4,64,0,0,198519373921,198522778484,3404563,15233,8388608
Uring,throughput,0,4,64,0,0,198519373945,198520741226,1367280,15525,8388608
Uring,throughput,0,4,64,0,0,198519373973,198522988926,3614952,15242,8388608
Uring,throughput,0,4,64,0,0,198519374209,198521282117,1907907,15057,8388608
Uring,throughput,0,4,64,0,0,198519374212,198520494154,1119941,15339,8388608
Uring,throughput,0,4,64,0,0,198519374219,198522882317,3508098,14976,8388608
Uring,throughput,0,4,64,0,0,198519374264,198522980643,3606378,15695,8388608
Uring,throughput,0,4,64,0,0,198519374396,198520570698,1196302,14917,8388608
Uring,throughput,0,4,64,0,0,198519374427,198521376415,2001987,14805,8388608
Uring,throughput,0,4,64,0,0,198519374429,198520285420,910991,15378,8388608
Uring,throughput,0,4,64,0,0,198519374606,198519978599,603992,15411,8388608
Uring,throughput,0,4,64,0,0,198519374794,198520751323,1376528,14580,8388608
Uring,throughput,0,4,64,0,0,198519374813,198520335218,960405,14591,8388608
Uring,throughput,0,4,64,0,0,198519384504,198522746929,3362425,5435,8388608
Uring,throughput,0,4,64,0,0,198519384563,198520571807,1187243,4917,8388608
Uring,throughput,0,4,64,0,0,198519384565,198522999412,3614847,4856,8388608
Uring,throughput,0,4,64,0,0,198519384731,198521938575,2553844,5358,8388608
Uring,throughput,0,4,64,0,0,198519384874,198521889533,2504658,4629,8388608
Uring,throughput,0,4,64,0,0,198519384965,198520800116,1415150,5021,8388608
Uring,throughput,0,4,64,0,0,198519385104,198522664959,3279855,5045,8388608
Uring,throughput,0,4,64,0,0,198519385382,198520953743,1568360,4806,8388608
Uring,throughput,0,4,64,0,0,198519796267,198522678842,2882574,25,8388608
Uring,throughput,0,4,64,0,0,198519818630,198522663745,2845114,28,8388608
Uring,throughput,0,4,64,0,0,198519978607,198522839769,2861161,31,8388608
Uring,throughput,0,4,64,0,0,198519988943,198520448613,459670,117,8388608
Uring,throughput,0,4,64,0,0,198520005283,198521536604,1531321,19,8388608
Uring,throughput,0,4,64,0,0,198520030033,198521716078,1686044,30,8388608
Uring,throughput,0,4,64,0,0,198520052052,198520963232,911179,22,8388608
Uring,throughput,0,4,64,0,0,198520052433,198521064068,1011634,41,8388608
Uring,throughput,0,4,64,0,0,198520052450,198520113559,61109,27,8388608
Uring,throughput,0,4,64,0,0,198520076968,198522088297,2011329,72,8388608
Uring,throughput,0,4,64,0,0,198520082784,198522730244,2647459,24,8388608
Uring,throughput,0,4,64,0,0,198520085056,198521765073,1680016,22,8388608
Uring,throughput,0,4,64,0,0,198520090519,198521203298,1112779,26,8388608
Uring,throughput,0,4,64,0,0,198520091347,198521072561,981214,28,8388608
Uring,throughput,0,4,64,0,0,198520113566,198521335245,1221678,62,8388608
Uring,throughput,0,4,64,0,0,198520165408,198522899704,2734296,37,8388608
Uring,throughput,0,4,64,0,0,198520185932,198522979179,2793246,31,8388608
Uring,throughput,0,4,64,0,0,198520234516,198520696324,461808,19,8388608
Uring,throughput,0,4,64,0,0,198520285427,198523081072,2795644,17,8388608
Uring,throughput,0,4,64,0,0,198520288498,198521292967,1004468,33,8388608
Uring,throughput,0,4,64,0,0,198520325422,198522428621,2103199,40,8388608
Uring,throughput,0,4,64,0,0,198520328071,198522943366,2615294,18,8388608
Uring,throughput,0,4,64,0,0,198520335226,198520977680,642454,86,8388608
Uring,throughput,0,4,64,0,0,198520339509,198520999638,660129,15,8388608
Uring,throughput,0,4,64,0,0,198520366909,198522920361,2553451,17,8388608
Uring,throughput,0,4,64,0,0,198520374387,198520622202,247815,18,8388608
Uring,throughput,0,4,64,0,0,198520390638,198521145234,754596,13,8388608
Uring,throughput,0,4,64,0,0,198520401514,198522205393,1803878,49,8388608
Uring,throughput,0,4,64,0,0,198520406244,198521547176,1140932,18,8388608
Uring,throughput,0,4,64,0,0,198520440717,198521217914,777197,17,8388608
Uring,throughput,0,4,64,0,0,198520448620,198522484095,2035475,20,8388608
Uring,throughput,0,4,64,0,0,198520466945,198520694241,227295,20,8388608
Uring,throughput,0,4,64,0,0,198520482831,198521377940,895109,89,8388608
Uring,throughput,0,4,64,0,0,198520482977,198522739048,2256071,17,8388608
Uring,throughput,0,4,64,0,0,198520493955,198521774965,1281009,24,8388608
Uring,throughput,0,4,64,0,0,198520494162,198521368309,874146,26,8388608
Uring,throughput,0,4,64,0,0,198520498308,198522634210,2135902,35,8388608
Uring,throughput,0,4,64,0,0,198520505367,198521305353,799985,51,8388608
Uring,throughput,0,4,64,0,0,198520514438,198522314478,1800040,25,8388608
Uring,throughput,0,4,64,0,0,198520516241,198521161907,645666,23,8388608
Uring,throughput,0,4,64,0,0,198520525154,198522733734,2208579,48,8388608
Uring,throughput,0,4,64,0,0,198520530390,198522996505,2466115,52,8388608
Uring,throughput,0,4,64,0,0,198520543974,198522850377,2306403,71,8388608
Uring,throughput,0,4,64,0,0,198520544877,198522743064,2198186,29,8388608
Uring,throughput,0,4,64,0,0,198520546921,198522870251,2323329,17,8388608
Uring,throughput,0,4,64,0,0,198520553492,198520967557,414064,32,8388608
Uring,throughput,0,4,64,0,0,198520554203,198521603727,1049523,48,8388608
Uring,throughput,0,4,64,0,0,198520560088,198522717566,2157478,24,8388608
Uring,throughput,0,4,64,0,0,198520569483,198520713309,143825,27,8388608
Uring,throughput,0,4,64,0,0,198520570704,198521000046,429341,68,8388608
Uring,throughput,0,4,64,0,0,198520571810,198521012430,440620,13,8388608
Uring,throughput,0,4,64,0,0,198520572763,198521013117,440354,28,8388608
Uring,throughput,0,4,64,0,0,198520573257,198521054702,481444,14,8388608
Uring,throughput,0,4,64,0,0,198520574077,198520780975,206898,39,8388608
Uring,throughput,0,4,64,0,0,198520574406,198521492450,918044,14,8388608
Uring,throughput,0,4,64,0,0,198520574529,198521070096,495567,11,8388608
Uring,throughput,0,4,64,0,0,198520578675,198522694959,2116283,20,8388608
Uring,throughput,0,4,64,0,0,198520582904,198521095842,512938,25,8388608
Uring,throughput,0,4,64,0,0,198520596493,198522635330,2038836,22,8388608
Uring,throughput,0,4,64,0,0,198520596945,198520840574,243628,80,8388608
Uring,throughput,0,4,64,0,0,198520606074,198522861222,2255148,60,8388608
Uring,throughput,0,4,64,0,0,198520620082,198521792376,1172294,41,8388608
Uring,throughput,0,4,64,0,0,198520620107,198522164503,1544396,19,8388608
Uring,throughput,0,4,64,0,0,198520620474,198522511943,1891468,12,8388608
Uring,throughput,0,4,64,0,0,198520622209,198520844495,222286,16,8388608
Uring,throughput,0,4,64,0,0,198520629154,198522524207,1895053,21,8388608
Uring,throughput,0,4,64,0,0,198520631922,198522647253,2015331,22,8388608
Uring,throughput,0,4,64,0,0,198520636805,198522149265,1512460,47,8388608
Uring,throughput,0,4,64,0,0,198520642475,198522984628,2342152,37,8388608
Uring,throughput,0,4,64,0,0,198520648644,198522979528,2330884,17,8388608
Uring,throughput,0,4,64,0,0,198520649511,198521350859,701348,14,8388608
Uring,throughput,0,4,64,0,0,198520652420,198522964412,2311991,19,8388608
Uring,throughput,0,4,64,0,0,198520660086,198522649724,1989638,16,8388608
Uring,throughput,0,4,64,0,0,198520669284,198521791758,1122473,31,8388608
Uring,throughput,0,4,64,0,0,198520684962,198522862158,2177196,22,8388608
Uring,throughput,0,4,64,0,0,198520691456,198522407522,1716066,24,8388608
Uring,throughput,0,4,64,0,0,198520694264,198522117420,1423156,21,8388608
Uring,throughput,0,4,64,0,0,198520696378,198522550111,1853732,34,8388608
Uring,throughput,0,4,64,0,0,198520698073,198522864311,2166237,96,8388608
Uring,throughput,0,4,64,0,0,198520712225,198521251561,539336,82,8388608
Uring,throughput,0,4,64,0,0,198520713314,198521256960,543645,28,8388608
Uring,throughput,0,4,64,0,0,198520717250,198521869587,1152337,36,8388608
Uring,throughput,0,4,64,0,0,198520717951,198522483641,1765689,17,8388608
Uring,throughput,0,4,64,0,0,198520741234,198522887185,2145951,40,8388608
Uring,throughput,0,4,64,0,0,198520751331,198522905122,2153791,20,8388608
Uring,throughput,0,4,64,0,0,198520766218,198522555288,1789069,23,8388608
Uring,throughput,0,4,64,0,0,198520767068,198522897229,2130160,44,8388608
Uring,throughput,0,4,64,0,0,198520770693,198522879905,2109211,81,8388608
Uring,throughput,0,4,64,0,0,198520780983,198521633929,852945,38,8388608
Uring,throughput,0,4,64,0,0,198520800126,198521638150,838024,60,8388608
Uring,throughput,0,4,64,0,0,198520800169,198522689821,1889652,20,8388608
Uring,throughput,0,4,64,0,0,198520811314,198521767609,956295,26,8388608
Uring,throughput,0,4,64,0,0,198520836794,198522288233,1451439,32,8388608
Uring,throughput,0,4,64,0,0,198520840581,198521478974,638393,17,8388608
Uring,throughput,0,4,64,0,0,198520844502,198522962518,2118016,4428,8388608
Uring,throughput,0,4,64,0,0,198520845973,198522747612,1901638,15,8388608
Uring,throughput,0,4,64,0,0,198520849614,198522920280,2070666,26,8388608
Uring,throughput,0,4,64,0,0,198520851201,198523053545,2202343,14,8388608
Uring,throughput,0,4,64,0,0,198520888509,198522978707,2090197,18,8388608
Uring,throughput,0,4,64,0,0,198520900535,198522537685,1637149,21,8388608
Uring,throughput,0,4,64,0,0,198520906276,198521651567,745291,62,8388608
Uring,throughput,0,4,64,0,0,198520916829,198522986522,2069693,39,8388608
Uring,throughput,0,4,64,0,0,198520930291,198522562089,1631797,24,8388608
Uring,throughput,0,4,64,0,0,198520953750,198522547587,1593836,21,8388608
Uring,throughput,0,4,64,0,0,198520953926,198522909097,1955171,21,8388608
Uring,throughput,0,4,64,0,0,198520963239,198521720580,757341,17,8388608
Uring,throughput,0,4,64,0,0,198520967565,198521990781,1023216,34,8388608
Uring,throughput,0,4,64,0,0,198520971490,198522987950,2016460,24,8388608
Uring,throughput,0,4,64,0,0,198520974485,198522976413,2001928,16,8388608
Uring,throughput,0,4,64,0,0,198520977689,198521972353,994663,38,8388608
Uring,throughput,0,4,64,0,0,198520984397,198522053453,1069055,64,8388608
Uring,throughput,0,4,64,0,0,198520986072,198522952912,1966840,23,8388608
Uring,throughput,0,4,64,0,0,198520996067,198522615950,1619882,16,8388608
Uring,throughput,0,4,64,0,0,198520999647,198521665844,666197,19,8388608
Uring,throughput,0,4,64,0,0,198521000054,198521755328,755274,27,8388608
Uring,throughput,0,4,64,0,0,198521012438,198523003093,1990654,41,8388608
Uring,throughput,0,4,64,0,0,198521013125,198522468675,1455549,32,8388608
Uring,throughput,0,4,64,0,0,198521029243,198523027024,1997780,20,8388608
Uring,throughput,0,4,64,0,0,198521042180,198522807075,1764894,17,8388608
Uring,throughput,0,4,64,0,0,198521054740,198522995956,1941215,24,8388608
Uring,throughput,0,4,64,0,0,198521063429,198522652810,1589381,37,8388608
Uring,throughput,0,4,64,0,0,198521064076,198522445762,1381685,20,8388608
Uring,throughput,0,4,64,0,0,198521070102,198523025637,1955534,13,8388608
Uring,throughput,0,4,64,0,0,198521072569,198522840820,1768251,17,8388608
Uring,throughput,0,4,64,0,0,198521085925,198522813488,1727563,32,8388608
Uring,throughput,0,4,64,0,0,198521095850,198522746838,1650987,29,8388608
Uring,throughput,0,4,64,0,0,198521124798,198522792777,1667978,22,8388608
Uring,throughput,0,4,64,0,0,198521129276,198522700463,1571187,20,8388608
Uring,throughput,0,4,64,0,0,198521145243,198522193736,1048493,27,8388608
Uring,throughput,0,4,64,0,0,198521153086,198522771775,1618689,17,8388608
Uring,throughput,0,4,64,0,0,198521161915,198522219863,1057948,18,8388608
Uring,throughput,0,4,64,0,0,198521163336,198522751342,1588005,13,8388608
Uring,throughput,0,4,64,0,0,198521179955,198522830111,1650156,31,8388608
Uring,throughput,0,4,64,0,0,198521195954,198522800212,1604258,131,8388608
Uring,throughput,0,4,64,0,0,198521196905,198523019408,1822502,42,8388608
Uring,throughput,0,4,64,0,0,198521198055,198523033896,1835841,19,8388608
Uring,throughput,0,4,64,0,0,198521203306,198521968051,764744,31,8388608
Uring,throughput,0,4,64,0,0,198521211117,198522757996,1546878,115,8388608
Uring,throughput,0,4,64,0,0,198521217319,198523020997,1803678,27,8388608
Uring,throughput,0,4,64,0,0,198521217921,198522080114,862192,16,8388608
Uring,throughput,0,4,64,0,0,198521219962,198522886296,1666334,60,8388608
Uring,throughput,0,4,64,0,0,198521227111,198522166467,939355,26,8388608
Uring,throughput,0,4,64,0,0,198521241102,198522997351,1756249,19,8388608
Uring,throughput,0,4,64,0,0,198521243484,198523032827,1789342,19,8388608
Uring,throughput,0,4,64,0,0,198521251568,198522995339,1743770,18,8388608
Uring,throughput,0,4,64,0,0,198521256968,198522998153,1741184,6012,8388608
Uring,throughput,0,4,64,0,0,198521262622,198523030665,1768043,21,8388608
Uring,throughput,0,4,64,0,0,198521266434,198523031318,1764883,13,8388608
Uring,throughput,0,4,64,0,0,198521266769,198523035121,1768352,15,8388608
Uring,throughput,0,4,64,0,0,198521269813,198523036672,1766859,16,8388608
Uring,throughput,0,4,64,0,0,198521272273,198523025904,1753630,18,8388608
Uring,throughput,0,4,64,0,0,198521282125,198523047050,1764925,20,8388608
Uring,throughput,0,4,64,0,0,198521289738,198523028136,1738398,21,8388608
Uring,throughput,0,4,64,0,0,198521291599,198523047320,1755720,74,8388608
Uring,throughput,0,4,64,0,0,198521292143,198523033029,1740886,35,8388608
Uring,throughput,0,4,64,0,0,198521292972,198521816387,523414,15,8388608
Uring,throughput,0,4,64,0,0,198521295132,198523034199,1739067,28,8388608
Uring,throughput,0,4,64,0,0,198521305360,198522179278,873917,36,8388608
Uring,throughput,0,4,64,0,0,198521314133,198523042144,1728011,18,8388608
Uring,throughput,0,4,64,0,0,198521335253,198523033536,1698283,3500,8388608
Uring,throughput,0,4,64,0,0,198521337825,198523002098,1664273,18,8388608
Uring,throughput,0,4,64,0,0,198521342767,198523033946,1691179,25,8388608
Uring,throughput,0,4,64,0,0,198521350867,198523053616,1702749,66,8388608
Uring,throughput,0,4,64,0,0,198521368316,198523048901,1680585,22,8388608
Uring,throughput,0,4,64,0,0,198521372166,198523042917,1670751,35,8388608
Uring,throughput,0,4,64,0,0,198521374484,198523036320,1661835,34,8388608
Uring,throughput,0,4,64,0,0,198521376423,198523036620,1660197,20,8388608
Uring,throughput,0,4,64,0,0,198521376801,198522865784,1488982,13,8388608
Uring,throughput,0,4,64,0,0,198521377706,198523043152,1665445,33,8388608
Uring,throughput,0,4,64,0,0,198521377949,198522882677,1504728,45,8388608
Uring,throughput,0,4,64,0,0,198521384741,198523043222,1658480,36,8388608
Uring,throughput,0,4,64,0,0,198521391671,198523045753,1654082,24,8388608
Uring,throughput,0,4,64,0,0,198521400605,198522770730,1370125,17,8388608
Uring,throughput,0,4,64,0,0,198521405484,198523044920,1639436,31,8388608
Uring,throughput,0,4,64,0,0,198521412414,198521893771,481357,27,8388608
Uring,throughput,0,4,64,0,0,198521412654,198522887322,1474668,22,8388608
Uring,throughput,0,4,64,0,0,198521423077,198523039031,1615953,22,8388608
Uring,throughput,0,4,64,0,0,198521427286,198523003664,1576378,23,8388608
Uring,throughput,0,4,64,0,0,198521478984,198523049939,1570955,6233,8388608
Uring,throughput,0,4,64,0,0,198521490434,198523052621,1562187,107,8388608
Uring,throughput,0,4,64,0,0,198521492459,198522736731,1244271,19,8388608
Uring,throughput,0,4,64,0,0,198521499363,198522021045,521681,28,8388608
Uring,throughput,0,4,64,0,0,198521536613,198522785376,1248763,21,8388608
Uring,throughput,0,4,64,0,0,198521547182,198522365157,817975,20,8388608
Uring,throughput,0,4,64,0,0,198521577267,198523053417,1476150,38,8388608
Uring,throughput,0,4,64,0,0,198521589428,198523055713,1466285,33,8388608
Uring,throughput,0,4,64,0,0,198521603734,198522574104,970369,44,8388608
Uring,throughput,0,4,64,0,0,198521604173,198523052875,1448701,20,8388608
Uring,throughput,0,4,64,0,0,198521619671,198523045972,1426300,23,8388608
Uring,throughput,0,4,64,0,0,198521633936,198523028557,1394620,7665,8388608
Uring,throughput,0,4,64,0,0,198521638158,198522400305,762146,19,8388608
Uring,throughput,0,4,64,0,0,198521650057,198522790154,1140096,38,8388608
Uring,throughput,0,4,64,0,0,198521651573,198522292473,640899,15,8388608
Uring,throughput,0,4,64,0,0,198521664200,198522884310,1220109,22,8388608
Uring,throughput,0,4,64,0,0,198521665852,198522784523,1118671,4519,8388608
Uring,throughput,0,4,64,0,0,198521714608,198522128868,414259,26,8388608
Uring,throughput,0,4,64,0,0,198521716086,198522020976,304889,17,8388608
Uring,throughput,0,4,64,0,0,198521720586,198522990191,1269604,3877,8388608
Uring,throughput,0,4,64,0,0,198521732049,198522924207,1192157,23,8388608
Uring,throughput,0,4,64,0,0,198521755335,198523051946,1296610,4442,8388608
Uring,throughput,0,4,64,0,0,198521765080,198522503513,738433,16,8388608
Uring,throughput,0,4,64,0,0,198521767618,198522085973,318355,73,8388608
Uring,throughput,0,4,64,0,0,198521771763,198522928967,1157204,21,8388608
Uring,throughput,0,4,64,0,0,198521772478,198522533103,760624,10,8388608
Uring,throughput,0,4,64,0,0,198521774973,198523046229,1271255,61,8388608
Uring,throughput,0,4,64,0,0,198521791765,198522472524,680758,21,8388608
Uring,throughput,0,4,64,0,0,198521792381,198522556553,764171,16,8388608
Uring,throughput,0,4,64,0,0,198521810083,198522796202,986118,23,8388608
Uring,throughput,0,4,64,0,0,198521816445,198522934685,1118240,3667,8388608
Uring,throughput,0,4,64,0,0,198521849467,198522547475,698008,19,8388608
Uring,throughput,0,4,64,0,0,198521850767,198522559711,708943,12,8388608
Uring,throughput,0,4,64,0,0,198521869594,198523006154,1136559,36,8388608
Uring,throughput,0,4,64,0,0,198521879945,198522290238,410292,23,8388608
Uring,throughput,0,4,64,0,0,198521889539,198522797503,907963,59,8388608
Uring,throughput,0,4,64,0,0,198521893809,198522940067,1046258,58,8388608
Uring,throughput,0,4,64,0,0,198521906968,198522986423,1079455,25,8388608
Uring,throughput,0,4,64,0,0,198521938584,198522945409,1006825,29,8388608
Uring,throughput,0,4,64,0,0,198521968061,198523070191,1102130,5847,8388608
Uring,throughput,0,4,64,0,0,198521972361,198523049139,1076778,3080,8388608
Uring,throughput,0,4,64,0,0,198521990789,198523019949,1029160,11296,8388608
Uring,throughput,0,4,64,0,0,198521990931,198523008602,1017671,67,8388608
Uring,throughput,0,4,64,0,0,198521995473,198522952464,956990,92,8388608
Uring,throughput,0,4,64,0,0,198521996289,198522594656,598367,35,8388608
Uring,throughput,0,4,64,0,0,198522005325,198522955817,950492,20,8388608
Uring,throughput,0,4,64,0,0,198522020983,198522584118,563134,11340,8388608
Uring,throughput,0,4,64,0,0,198522021047,198522783449,762401,37,8388608
Uring,throughput,0,4,64,0,0,198522032392,198522955998,923605,158,8388608
Uring,throughput,0,4,64,0,0,198522046653,198523059216,1012562,24,8388608
Uring,throughput,0,4,64,0,0,198522053461,198522371216,317754,44,8388608
Uring,throughput,0,4,64,0,0,198522080120,198523074756,994635,1097,8388608
Uring,throughput,0,4,64,0,0,198522085980,198522154531,68550,797,8388608
Uring,throughput,0,4,64,0,0,198522088305,198522586801,498496,53,8388608
Uring,throughput,0,4,64,0,0,198522111089,198522622440,511351,20,8388608
Uring,throughput,0,4,64,0,0,198522117428,198523077467,960039,2124,8388608
Uring,throughput,0,4,64,0,0,198522128875,198522461520,332644,38,8388608
Uring,throughput,0,4,64,0,0,198522149272,198522962136,812863,34,8388608
Uring,throughput,0,4,64,0,0,198522154539,198522240826,86287,21,8388608
Uring,throughput,0,4,64,0,0,198522164511,198522852077,687566,17,8388608
Uring,throughput,0,4,64,0,0,198522166471,198523058632,892160,14,8388608
Uring,throughput,0,4,64,0,0,198522179300,198522962177,782877,2461,8388608
Uring,throughput,0,4,64,0,0,198522188029,198522615155,427126,46,8388608
Uring,throughput,0,4,64,0,0,198522193744,198522290147,96402,2308,8388608
Uring,throughput,0,4,64,0,0,198522205401,198522649080,443679,49,8388608
Uring,throughput,0,4,64,0,0,198522213357,198523075412,862055,90,8388608
Uring,throughput,0,4,64,0,0,198522219873,198522960962,741088,6251,8388608
Uring,throughput,0,4,64,0,0,198522225653,198523063496,837842,577,8388608
Uring,throughput,0,4,64,0,0,198522240832,198522807401,566569,24,8388608
Uring,throughput,0,4,64,0,0,198522266777,198522965483,698705,16,8388608
Uring,throughput,0,4,64,0,0,198522285864,198523070389,784525,72,8388608
Uring,throughput,0,4,64,0,0,198522288242,198522638548,350306,42,8388608
Uring,throughput,0,4,64,0,0,198522290191,198523074052,783861,42,8388608
Uring,throughput,0,4,64,0,0,198522290246,198523084675,794428,20,8388608
Uring,throughput,0,4,64,0,0,198522292478,198522963036,670557,5950,8388608
Uring,throughput,0,4,64,0,0,198522299018,198523001999,702981,16,8388608
Uring,throughput,0,4,64,0,0,198522314484,198522934380,619896,22,8388608
Uring,throughput,0,4,64,0,0,198522365164,198522609729,244564,2891,8388608
